{
    "loss": [
        1.7595725500740809,
        1.5839963182595485,
        1.438932935490161,
        1.316146456901145,
        1.1607334306449268,
        1.0306747537157213,
        0.8911033963190264,
        0.7548442131983119,
        0.6713251395321591,
        0.6091720093566213,
        0.525921994890953,
        0.4677887722478294,
        0.3875778365330682,
        0.3393144034969545,
        0.28774349206150734,
        0.25,
        0.25,
        0.25,
        0.25,
        0.25,
        0.25
    ],
    "accuracy": [
        0.3242701104287578,
        0.34620294031227794,
        0.37727950762066437,
        0.3971776874375178,
        0.41480034768482094,
        0.44071461512166754,
        0.4793709981280158,
        0.5014757583676984,
        0.5395888193435057,
        0.5602321949298746,
        0.5763752726164425,
        0.6124566293631731,
        0.6179693172898151,
        0.625741520307129,
        0.6441299521983981,
        0.66636822113508,
        0.6887548152152695,
        0.7052633120093966,
        0.7305426267633653,
        0.7362899250459696,
        0.7627187392730554
    ],
    "val_loss": [
        1.742072550074081,
        1.6377542202625117,
        1.5530940056133433,
        1.4810151802365428,
        1.3675315452395695,
        1.2694263375145363,
        1.153175601481559,
        1.031594777800603,
        0.954745674671188,
        0.8939377019144239,
        0.8080018270300292,
        0.7426975009686362,
        0.6523326996281035,
        0.5904493451128586,
        0.5235704915314607,
        0.45,
        0.45,
        0.45,
        0.45,
        0.45,
        0.45
    ],
    "val_accuracy": [
        0.3327701104287578,
        0.34426949196870926,
        0.36560677407380476,
        0.3765726921791082,
        0.38587419257201844,
        0.40402288065308545,
        0.43557419359265914,
        0.45140240696299944,
        0.48379017161348664,
        0.49948033216055887,
        0.5111532079680009,
        0.5431629660666736,
        0.5452877816491406,
        0.5498733781732255,
        0.5653033178437881,
        0.5849624682658573,
        0.6051937870134958,
        0.619958242022914,
        0.6438021839065505,
        0.6485435370905938,
        0.6740878237718073
    ],
    "lr": [
        0.001,
        0.001,
        0.001,
        0.001,
        0.001,
        0.001,
        0.001,
        0.001,
        0.001,
        0.001,
        0.001,
        0.001,
        0.001,
        0.001,
        0.001,
        0.001,
        0.001,
        0.001,
        0.001,
        0.0002,
        0.0002
    ]
}