{
    "0": 0.99149,
    "1": 0.63069,
    "2": 0.28586,
    "3": 2.3925,
    "4": 0.28549,
    "5": 0.04721,
    "6": 2.36677
}