{
    "loss": [
        1.531233915483199,
        1.3754311299660305,
        1.2260742317175188,
        1.1023667102792252,
        0.9586818858817198,
        0.8473752699389988,
        0.7628177571678825,
        0.6704590024284367,
        0.5741281995637516,
        0.485890049281438,
        0.48,
        0.48,
        0.3929607941938495,
        0.32914973773203676,
        0.2780522158672803,
        0.24560811137265387,
        0.20220727664839153,
        0.1722818518936068,
        0.1589031497920143,
        0.12,
        0.12
    ],
    "accuracy": [
        0.42298020251525514,
        0.44895664217766446,
        0.47897534154511484,
        0.5227552162358434,
        0.5495736272792584,
        0.5785736815238287,
        0.6087677302626632,
        0.6394245855894809,
        0.6544154293580106,
        0.6816403794617609,
        0.6965346318083858,
        0.7145339226087358,
        0.7384086333225882,
        0.7632572275180474,
        0.7911616134062978,
        0.8091299639355891,
        0.8306172065668633,
        0.851309605635884,
        0.8607471170251381,
        0.8810759776721564,
        0.8949144285692686
    ],
    "val_loss": [
        1.5080739154831992,
        1.3999683074305265,
        1.2899359060613007,
        1.1977739542783423,
        1.0790505154492886,
        0.9859119166810733,
        0.9141688271545981,
        0.8304676045514375,
        0.7387297373536744,
        0.6512552792792811,
        0.5985469095107155,
        0.58,
        0.48936079419384954,
        0.4204913536159138,
        0.3635543667455908,
        0.3248720097471031,
        0.28,
        0.28,
        0.28,
        0.28,
        0.28
    ],
    "val_accuracy": [
        0.4356802025152552,
        0.45518794420281705,
        0.47935348838066066,
        0.5179023184108854,
        0.5402151909970315,
        0.5652256955099169,
        0.5919396202947548,
        0.6196096989724341,
        0.6320846073607962,
        0.6570819069679735,
        0.6701432790963744,
        0.6865594406139688,
        0.7082502463165598,
        0.7314368490373099,
        0.7581766217243864,
        0.7754862708309155,
        0.796633739904074,
        0.8173341570713069,
        0.8270894711874425,
        0.847853862027665,
        0.8624001112631964
    ],
    "lr": [
        0.001,
        0.001,
        0.001,
        0.001,
        0.001,
        0.001,
        0.001,
        0.001,
        0.001,
        0.001,
        0.001,
        0.001,
        1e-05,
        1e-05,
        1e-05,
        1e-05,
        1e-05,
        1e-05,
        1e-05,
        1e-05,
        1e-05
    ]
}