{
    "loss": [
        1.4297481610146445,
        1.246322371397472,
        1.0714245875598718,
        0.9397094352010987,
        0.7994993115613936,
        0.6707263598988696,
        0.5581772394664497,
        0.4794017223158443,
        0.414175012390683,
        0.38,
        0.38,
        0.38,
        0.30209917134776554,
        0.24368534241080372,
        0.20344180445249493,
        0.16721481578473302,
        0.13203806964424813,
        0.09908408984098227,
        0.09,
        0.09,
        0.09
    ],
    "accuracy": [
        0.46975583443898916,
        0.5038389000145954,
        0.5476226987443131,
        0.5811632005449774,
        0.6092957183186734,
        0.6267610876035011,
        0.6476562670632984,
        0.6796583793853858,
        0.7111004032821862,
        0.7355710099249364,
        0.7579686957707116,
        0.76,
        0.7767571230274029,
        0.7987379694141014,
        0.8166913984263715,
        0.8282336248139589,
        0.850401653246289,
        0.8612806727341291,
        0.8732348809979478,
        0.8785962408939425,
        0.890784022578292
    ],
    "val_loss": [
        1.329542500389209,
        1.1895510425928841,
        1.0564751875124432,
        0.9387409664394728,
        0.8314076298266417,
        0.7209538336397529,
        0.6201833115926023,
        0.5248056669351011,
        0.48,
        0.48,
        0.48,
        0.48,
        0.3945892011359889,
        0.33187269671319775,
        0.2644102790265551,
        0.22,
        0.22,
        0.22,
        0.22,
        0.22,
        0.22
    ],
    "val_accuracy": [
        0.49072240400238154,
        0.5298988026357014,
        0.5512116861237748,
        0.584774497223523,
        0.6052190784814001,
        0.6362990299179262,
        0.6592722579896042,
        0.6855390857523584,
        0.701312193119704,
        0.7104116717685998,
        0.72,
        0.72,
        0.7442339484434931,
        0.7622278778466871,
        0.7873912796793143,
        0.8038669139817546,
        0.8130027592764731,
        0.8329113446751611,
        0.846001073991942,
        0.8601205781280605,
        0.8650985631277748
    ],
    "lr": [
        0.001,
        0.001,
        0.001,
        0.001,
        0.001,
        0.001,
        0.001,
        0.001,
        0.001,
        0.001,
        0.001,
        0.001,
        1e-05,
        1e-05,
        1e-05,
        1e-05,
        1e-05,
        1e-05,
        1e-05,
        1e-05,
        1e-05
    ]
}